﻿[
	{
		"title":"作品展示",
		"class":"li2 icon-zuopin "
	},
	{
		"category":"企业网站",
		"name":"INTO THE WEB",
		"address":"http:www.baidu.com",
		"lifecycle":"3个月",
		"member":"1个设计，1个前端，2个后台",
		"technology":"html,jq,GitHub",
		"difficulty":"ajax请求",
		"scheme":"用json请求",
		"image":"../images/y2.jpg",
		"text":"天空工作室是专业从事互联网相关专业开发的团队，此项目是为打造全新电子商务平台。"
	},
	{	
		"category":"电商网站",
		"name":"五叶花",
		"address":"http:www.baidu.com",
		"lifecycle":"3个月",
		"member":"1个设计，1个前端，2个后台",
		"technology":"html,jq,GitHub",
		"difficulty":"ajax请求",
		"scheme":"用json请求",
		"image":"../images/y3.jpg",
		"text":"五叶花是由天空工作室于2013年创作完成，此项目是为了让我们将当时的时事，新闻，购物等多元化结合"

	},
	{
		"category":"企业网站",
		"name":"imoin",
		"address":"http:www.baidu.com",
		"lifecycle":"3个月",
		"member":"1个设计，1个前端，2个后台",
		"technology":"html,jq,GitHub",
		"difficulty":"ajax请求",
		"scheme":"用json请求",
		"image":"../images/y4.jpg",
		"text":"imoin是由天空工作室于2000年创作完成，此项目是为了推出公司的新项目绿色能源开发，节约环保"

	},
	{
		"category":"企业网站",
		"name":"NET网络",
		"address":"http:www.baidu.com",
		"lifecycle":"3个月",
		"member":"1个设计，1个前端，2个后台",
		"technology":"html,jq,GitHub",
		"difficulty":"ajax请求",
		"scheme":"用json请求",
		"image":"../images/y5.jpg",
		"text":"NET是由天空工作室于2014年创作完成，此项目是NET公司新开发的项目专题，挖掘机培训，出售一条龙服务"

	},
	{
		"category":"企业网站",
		"name":"娃娃网",
		"address":"http:www.baidu.com",
		"lifecycle":"3个月",
		"member":"1个设计，1个前端，2个后台",
		"technology":"html,jq,GitHub",
		"difficulty":"ajax请求",
		"scheme":"用json请求",
		"image":"../images/y6.jpg",
		"text":"娃娃网是由天空工作室于2012年创作完成，此项目是BANY公司育儿专题的项目，满足客户的需求"

	},
	{
		"category":"电商网站",
		"name":"audien",
		"address":"http:www.baidu.com",
		"lifecycle":"3个月",
		"member":"1个设计，1个前端，2个后台",
		"technology":"html,jq,GitHub",
		"difficulty":"ajax请求",
		"scheme":"用json请求",
		"image":"../images/y7.jpg",
		"text":"audien是由天空工作室于2009年创作完成，此项目是图书音像制品公司的项目，满足客户的需求"
	},
	{
		"category":"电商网站",
		"name":"我买网",
		"address":"http:www.baidu.com",
		"lifecycle":"3个月",
		"member":"1个设计，1个前端，2个后台",
		"technology":"html,jq,GitHub",
		"difficulty":"ajax请求",
		"scheme":"用json请求",
		"image":"../images/y8.jpg",
		"text":"我买网是由天空工作室于2010年创作完成，此项目是北京sky技术有限公司的茶品项目，满足客户的需求"

	}
]